,2026-06-30,2026-03-31,2025-12-31,2025-09-30,2025-06-30,2025-03-31
Ordinary Shares Number,1511205519.0,1511205519.0,1511205519.0,1511205519.0,1511205519.0,
Share Issued,1511205519.0,1511205519.0,1511205519.0,1511205519.0,1511205519.0,
Net Debt,2111300000.0,1427232000.0,1228870000.0,865231000.0,4844789000.0,
Total Debt,7250028000.0,7280863000.0,7392664000.0,7255705000.0,6698072000.0,
Tangible Book Value,-839975000.0,-56812000.0,-254546000.0,-212329000.0,-121499000.0,
Invested Capital,18829442000.0,19440257000.0,19178131000.0,18746895000.0,18022741000.0,
Working Capital,2917972000.0,534598000.0,1197816000.0,1618041000.0,517958000.0,
Net Tangible Assets,-839975000.0,-56812000.0,-254546000.0,-212329000.0,-121499000.0,
Capital Lease Obligations,524461000.0,541068000.0,562314000.0,539517000.0,459637000.0,
Common Stock Equity,12103875000.0,12700462000.0,12347781000.0,12030707000.0,11784306000.0,
Total Capitalization,17720096000.0,18208818000.0,18318980000.0,17931906000.0,17249671000.0,
Total Equity Gross Minority Interest,12103875000.0,12700462000.0,12347781000.0,12030707000.0,11784306000.0,
Stockholders Equity,12103875000.0,12700462000.0,12347781000.0,12030707000.0,11784306000.0,
Other Equity Interest,3718000.0,3769000.0,3810000.0,3869000.0,3913000.0,
Fixed Assets Revaluation Reserve,40470000.0,41366000.0,42265000.0,43187000.0,44141000.0,
Retained Earnings,-150589000.0,353621000.0,,1300885000.0,1053486000.0,1209035000.0
Capital Stock,5996137000.0,5996137000.0,5996137000.0,5996137000.0,5996137000.0,
Common Stock,5996137000.0,5996137000.0,5996137000.0,5996137000.0,5996137000.0,
Total Liabilities Net Minority Interest,14428686000.0,14127448000.0,14118143000.0,13971434000.0,13130174000.0,
Total Non Current Liabilities Net Minority Interest,11022608000.0,7636081000.0,8093395000.0,8102032000.0,10677209000.0,
Other Non Current Liabilities,3279307000.0,,,,2977810000.0,2890742000.0
Non Current Pension And Other Postretirement Benefit Plans,1367624000.0,1380213000.0,1362583000.0,1432553000.0,1434099000.0,
Tradeand Other Payables Non Current,67647000.0,75397000.0,76781000.0,85466000.0,215126000.0,
Non Current Deferred Revenue,0.0,0.0,593000.0,1483000.0,2373000.0,
Non Current Deferred Taxes Liabilities,2154000.0,2100000.0,2402000.0,4386000.0,4620000.0,
Long Term Debt And Capital Lease Obligation,6003015000.0,5910965000.0,6395335000.0,6310726000.0,5818621000.0,
Long Term Capital Lease Obligation,386794000.0,402609000.0,424136000.0,409527000.0,353256000.0,
Long Term Debt,5616221000.0,5508356000.0,5971199000.0,5901199000.0,5465365000.0,
Long Term Provisions,302861000.0,267406000.0,255701000.0,267418000.0,224560000.0,
Current Liabilities,3406078000.0,6491367000.0,6024748000.0,5869402000.0,2452965000.0,
Other Current Liabilities,1131846000.0,3458232000.0,3308262000.0,3197469000.0,2630000.0,
Current Debt And Capital Lease Obligation,1247013000.0,1369898000.0,997329000.0,944979000.0,879451000.0,
Current Capital Lease Obligation,137667000.0,138459000.0,138178000.0,129990000.0,106381000.0,
Current Debt,1109346000.0,1231439000.0,859151000.0,814989000.0,773070000.0,
Pensionand Other Post Retirement Benefit Plans Current,307894000.0,458862000.0,76366000.0,367584000.0,565951000.0,
Current Provisions,,,,224418000.0,,
Payables,711179000.0,1194514000.0,1240475000.0,1131392000.0,1001373000.0,
Other Payable,246285000.0,236491000.0,200245000.0,229896000.0,165945000.0,
Dividends Payable,1737000.0,434512000.0,434512000.0,378235000.0,378542000.0,
Total Tax Payable,94670000.0,112389000.0,100732000.0,91871000.0,117590000.0,
Accounts Payable,368487000.0,411122000.0,504986000.0,431390000.0,339296000.0,
Total Assets,26532561000.0,26827910000.0,26465924000.0,26002141000.0,24914480000.0,
Total Non Current Assets,20208511000.0,19801945000.0,19243360000.0,18514698000.0,21943557000.0,
Non Current Deferred Taxes Assets,860532000.0,928528000.0,940662000.0,947251000.0,987570000.0,
Financial Assets,,,,,4072831000.0,3954194000.0
Investmentin Financial Assets,928822000.0,874445000.0,797305000.0,769576000.0,732686000.0,
Available For Sale Securities,928822000.0,874445000.0,797305000.0,769576000.0,732686000.0,
Long Term Equity Investment,2020000.0,2168000.0,2049000.0,2109000.0,2144000.0,
Goodwill And Other Intangible Assets,12943850000.0,12757274000.0,12602327000.0,12243036000.0,11905805000.0,
Other Intangible Assets,12943850000.0,12757274000.0,12602327000.0,12243036000.0,11905805000.0,
Net PPE,432397000.0,431633000.0,453245000.0,416412000.0,336991000.0,
Accumulated Depreciation,-364841000.0,-349745000.0,-346923000.0,-384751000.0,-366679000.0,
Gross PPE,797238000.0,781378000.0,800168000.0,801163000.0,703670000.0,
Construction In Progress,141694000.0,135264000.0,134193000.0,132101000.0,127391000.0,
Other Properties,471981000.0,460505000.0,482896000.0,492095000.0,399059000.0,
Machinery Furniture Equipment,180621000.0,182667000.0,180158000.0,174046000.0,174299000.0,
Land And Improvements,2942000.0,2942000.0,2921000.0,2921000.0,2921000.0,
Properties,0.0,0.0,0.0,0.0,0.0,
Current Assets,6324050000.0,7025965000.0,7222564000.0,7487443000.0,2970923000.0,
Hedging Assets Current,0.0,0.0,14029000.0,5998000.0,17683000.0,
Restricted Cash,148309000.0,151969000.0,114909000.0,122710000.0,101968000.0,
Inventory,81532000.0,79524000.0,97003000.0,77205000.0,75738000.0,
Other Receivables,60941000.0,38002000.0,28479000.0,46148000.0,35218000.0,
Taxes Receivable,231668000.0,223976000.0,191378000.0,168665000.0,175775000.0,
Accounts Receivable,1187333000.0,1219931000.0,1175286000.0,1215760000.0,1170895000.0,
Cash Cash Equivalents And Short Term Investments,4614267000.0,5312563000.0,5601480000.0,5850957000.0,1393646000.0,
Cash And Cash Equivalents,4614267000.0,5312563000.0,5601480000.0,5850957000.0,1393646000.0,
Cash Equivalents,4614267000.0,5312563000.0,5601480000.0,5850957000.0,1393646000.0,
